,score,permutation_score,pvalue,Site
0,-0.1603745488327885,-0.24405582647504673,0.009900990099009901,SALD
1,-0.21423720493429896,-0.316908290047797,0.009900990099009901,eNKI
2,-0.25364157318593356,-0.38540551868142414,0.009900990099009901,CamCAN
3,-0.092067748303765,-0.14774027050792107,0.009900990099009901,AOMIC_ID1000
4,-0.48557357640480137,-0.5130385938412858,0.0297029702970297,1000Brains
