,score,permutation_score,pvalue,Site
0,-0.1603745488327885,-0.24405582647504673,0.009900990099009901,SALD
1,-0.2109882080938569,-0.3180822911705348,0.009900990099009901,eNKI
2,-0.23582652439917134,-0.3732715342658956,0.009900990099009901,CamCAN
3,-0.092067748303765,-0.14774027050792107,0.009900990099009901,AOMIC_ID1000
4,-0.4790688480937275,-0.5050753787981468,0.06930693069306931,1000Brains
